{"pedestrian_1-1-pt_7251": 0.9884236457660959, "pedestrian_1-2_1990": 0.5003666832077224, "pedestrian_1-3_2374": 0.5033458220018552, "pedestrian_1-1-pt_8637": 2.03535333232047, "pedestrian_1-3_2410": 0.4999746484735617, "pedestrian_1-1-veh_105": 0.4986839474445995, "pedestrian_1-2_3838": 0.5021999471239749, "pedestrian_1-1-veh_886": 1.0007262421396408, "pedestrian_1-3_4838": 0.4930813705812134, "pedestrian_1-1-pt_8795": 0.553302392609712, "pedestrian_1-3_2221": 0.524478239052715, "pedestrian_1-3_3320": 0.49949683264326566, "pedestrian_1-2_5770": 0.4985125117555267, "pedestrian_1-1-pt_8143": 7.141234145928809, "pedestrian_1-1-pt_2382": 1.3184649240101918, "pedestrian_1-1-pt_6269": 0.7498788122524976, "pedestrian_1-1-pt_8365": 0.6860214445572931, "pedestrian_2-1_3545": 1.4759066313971103, "pedestrian_1-3_537": 0.4996704148141753, "pedestrian_1-1-pt_1773": 0.5306506474260774, "pedestrian_1-1-pt_8810": 1.1168567218952317, "pedestrian_1-1-pt_3251": 0.6338714592222549, "pedestrian_1-1-pt_7054": 0.6461526580782903, "pedestrian_1-3_2018": 0.5009719691204045, "pedestrian_2-1_3320": 0.5003092867361661, "pedestrian_1-1-pt_3431": 0.9736726173052306, "pedestrian_1-2_609": 0.4999994747191588, "pedestrian_1-1-pt_5078": 0.9667700607806133, "pedestrian_1-2_285": 0.5021357466027312, "pedestrian_1-2_4734": 0.49753185802726246, "pedestrian_1-1-pt_8289": 1.0784098864589688, "pedestrian_1-1-pt_6561": 0.9331576510070431, "pedestrian_1-3_1790": 0.49914930420725107, "pedestrian_1-1-pt_1673": 1.2559259753989866, "pedestrian_1-2_3940": 0.5006585935548343, "pedestrian_1-2_638": 0.49638446023114396, "pedestrian_2-1_1662": 0.49885329918261495, "pedestrian_1-1-pt_2498": 1.0166052389691824, "pedestrian_1-3_2454": 0.5043087911697497, "pedestrian_1-2_3821": 0.4923906689867871, "pedestrian_1-3_268": 0.4996668673276931, "pedestrian_1-2_5791": 0.5005876009983306, "pedestrian_1-2_1741": 0.49741077730094185, "pedestrian_1-2_2171": 0.4988021092215229, "pedestrian_1-1-pt_4187": 0.6576935412178649, "pedestrian_1-3_90": 0.49974615144553913, "pedestrian_1-1-pt_2201": 1.3010339963205708, "pedestrian_1-2_4454": 0.49962848350054073, "pedestrian_1-1-veh_790": 1.3028679170047555, "pedestrian_2-1_4638": 0.5015094881376262, "pedestrian_1-1-pt_2770": 0.6511219441436151, "pedestrian_1-1-pt_4658": 0.5253452200922574, "pedestrian_1-1-veh_668": 0.4998476836067243, "pedestrian_1-1-pt_5139": 1.1408428632052023, "pedestrian_1-1-pt_4472": 0.804398345393056, "pedestrian_1-1-pt_255": 0.9056929354622967, "pedestrian_1-3_3834": 0.5001438692564141, "pedestrian_1-1-pt_2835": 0.4979387544905868, "pedestrian_1-2_4327": 0.4988037656510088, "pedestrian_1-2_1559": 0.5020902927543451, "pedestrian_1-1-pt_8618": 1.2449298896660108, "pedestrian_1-1-pt_4026": 0.7836678316832665, "pedestrian_1-3_1010": 0.4997139558711789, "pedestrian_1-2_5518": 0.5054855085444024, "pedestrian_1-3_3480": 0.5010002386642004, "pedestrian_1-3_4170": 0.49757235286892193, "pedestrian_1-2_1313": 0.49962479511163677, "pedestrian_1-1-pt_6139": 0.5005698004215953, "pedestrian_1-1-veh_236": 0.499957357741542, "pedestrian_1-3_2180": 0.5004802727878087, "pedestrian_1-1-pt_438": 0.5525742544622096, "pedestrian_1-2_3488": 0.5021260822651005, "pedestrian_1-3_5373": 0.49822416909816397, "pedestrian_1-1-pt_720": 8.253969286765859, "pedestrian_1-3_3046": 0.5014450414592138, "pedestrian_1-3_1151": 0.49805524888815506, "pedestrian_1-1-pt_530": 0.5619590304059324, "pedestrian_1-1-pt_5990": 0.5779142143137499, "pedestrian_1-2_3787": 1.116952032816906, "pedestrian_2-1_2330": 0.510511168069023, "pedestrian_1-1-pt_3629": 0.6620650208083646, "pedestrian_1-1-veh_509": 0.4936717874514981, "pedestrian_1-3_2707": 0.5156077560548578, "pedestrian_1-1-pt_5048": 0.4260905841128063, "pedestrian_1-2_4634": 0.5005756076025556, "pedestrian_1-2_651": 0.502629599329083, "pedestrian_1-3_4771": 0.49882414498684086, "pedestrian_2-1_1149": 0.5057755197669866, "pedestrian_1-2_4609": 0.49933686306481323, "pedestrian_1-2_2580": 0.4922996525349672, "pedestrian_1-2_554": 0.4950238480287364, "pedestrian_1-1-pt_8536": 0.4619033773514725, "pedestrian_1-1-pt_306": 0.6962742054410003, "pedestrian_1-3_4166": 0.49998879935736296, "pedestrian_1-1-pt_6201": 1.0441742515899632, "pedestrian_1-3_321": 0.4957353389354784, "pedestrian_2-1_1337": 0.5001188894548939, "pedestrian_1-1-pt_319": 0.5923079029626599, "pedestrian_1-1-pt_6908": 0.5335413207828035, "pedestrian_1-2_1285": 0.500812199668329, "pedestrian_1-1-pt_6355": 0.701509341622711, "pedestrian_1-3_1202": 0.5009181380439548, "pedestrian_1-3_2529": 0.4994020352884715, "pedestrian_1-1-pt_1669": 0.5108936867571007, "pedestrian_1-1-pt_5809": 0.5574002869068316, "pedestrian_1-1-pt_5167": 0.8279933135235779, "pedestrian_1-3_4492": 1.0044890186242845, "pedestrian_1-2_950": 0.4940558380364457, "pedestrian_1-3_4323": 0.4975435691917998, "pedestrian_1-3_5372": 0.4968315973605718, "pedestrian_1-3_643": 0.4994962217510913, "pedestrian_1-1-pt_1006": 0.5064337964001258, "pedestrian_1-2_2287": 0.5071223369657103, "pedestrian_1-2_5739": 0.49727903116082844, "pedestrian_1-2_3214": 0.4997403283953085, "pedestrian_1-2_5319": 0.5069829087862997, "pedestrian_2-1_6021": 0.4976664363384144, "pedestrian_1-3_1821": 0.5000288654775533, "pedestrian_2-1_3869": 0.49851923349198946, "pedestrian_1-2_4270": 0.5000992860315457, "pedestrian_1-2_1612": 0.49990485581405647, "pedestrian_1-2_104": 0.5009030983927872, "pedestrian_1-1-pt_4804": 0.5994777031498549, "pedestrian_1-1-pt_250": 0.498954293046593, "pedestrian_1-2_2180": 0.49930171866112893, "pedestrian_1-1-pt_4537": 1.0054819724045403, "pedestrian_1-2_3693": 0.49743682769781394, "pedestrian_1-1-pt_8583": 0.6591005315755872, "pedestrian_1-2_2867": 0.5152479529054195, "pedestrian_1-3_5578": 0.4981346365226754, "pedestrian_1-3_741": 0.4986502530725465, "pedestrian_1-1-veh_831": 0.500814404252029, "pedestrian_1-2_1330": 0.5018504451243747, "pedestrian_1-3_4761": 0.49998328509620454, "pedestrian_1-1-pt_6157": 0.4880728126562857, "pedestrian_2-1_63": 0.4999054691753039, "pedestrian_2-1_5435": 0.5079482028045044, "pedestrian_1-1-pt_7040": 0.49403632919761875, "pedestrian_1-1-pt_7915": 0.4999756023009869, "pedestrian_1-3_4518": 0.5186273125643392, "pedestrian_1-3_3428": 0.5009435000705904, "pedestrian_1-1-pt_7123": 0.593112342115449, "pedestrian_1-2_5421": 0.49951399829055426, "pedestrian_1-3_1864": 0.4988171347049422, "pedestrian_1-1-pt_1780": 0.4993187277468528, "pedestrian_1-2_5687": 0.4992656713986502, "pedestrian_1-3_2269": 0.5006000450936936, "pedestrian_2-1_5204": 0.5120519574076566, "pedestrian_1-1-veh_114": 0.49694945799727375, "pedestrian_1-2_5943": 0.49996575590522346, "pedestrian_1-3_4740": 0.4759055447500294, "pedestrian_1-1-pt_4067": 0.9572873801433308, "pedestrian_1-3_2369": 0.4938521337407713, "pedestrian_1-3_5334": 0.5002036687423305, "pedestrian_1-1-pt_1747": 0.8177906994906303, "pedestrian_1-1-pt_1142": 0.9134323202394243, "pedestrian_2-1_5419": 0.4836677610123924, "pedestrian_1-2_3608": 0.5002572464096373, "pedestrian_1-1-pt_1134": 0.8935583368392175, "pedestrian_1-1-pt_8714": 0.540751884708854, "pedestrian_1-2_5092": 0.495351094683258, "pedestrian_1-1-pt_7440": 0.5133620287874358, "pedestrian_1-3_3239": 0.4986840062595388, "pedestrian_1-1-pt_841": 0.5118853773343345, "pedestrian_1-1-pt_6141": 0.6024552466763936, "pedestrian_1-2_3150": 0.4988714065680148, "pedestrian_1-2_3594": 0.49874383440163067, "pedestrian_1-3_1209": 0.49993492612755525, "pedestrian_1-2_2337": 0.49679007642181994, "pedestrian_1-3_3730": 0.4735384499237866, "pedestrian_1-3_2566": 0.4977906402544436, "pedestrian_1-1-pt_3804": 1.287630258074386, "pedestrian_1-2_937": 0.42593571924735163, "pedestrian_1-3_2881": 0.4417019900864947, "pedestrian_1-1-pt_4748": 0.7791055234679306, "pedestrian_1-2_5460": 0.4007157906203108, "pedestrian_1-1-pt_8982": 0.3745762152467973, "pedestrian_1-1-pt_6979": 0.9560996787342588, "pedestrian_1-1-pt_2534": 0.48604840323227355, "pedestrian_1-2_2512": 0.32288610688933417, "pedestrian_1-3_3840": 0.21669113918650748,